date,vwretd,vwretx,dp
1925-12-31,,,
1926-01-30,0.000561,-0.001395,0.0019587324317422716
1926-02-27,-0.033046,-0.036587,0.0036754745887797036
1926-03-31,-0.064002,-0.070021,0.0064721891569594625
1926-04-30,0.037029,0.034043,0.0028876942254818516
1926-05-28,0.012095,0.008585,0.0034801231428187585
1926-06-30,0.053664,0.046189,0.007144980495875863
1926-07-31,0.031411,0.029225,0.002123928198401792
1926-08-31,0.028647,0.025358,0.0032076601538195693
1926-09-30,0.005787,3e-05,0.005756827295181122
1926-10-30,-0.028996,-0.031069,0.002139471231697554
1926-11-30,0.028554,0.022979,0.00544976974111866
1926-12-31,0.029211,0.021422,0.007625643465678289
1927-01-31,0.002416,5.3e-05,0.002362874767637191
1927-02-28,0.04537,0.041175,0.004029101736019447
1927-03-31,0.003756,-0.002242,0.00601147773307753
1927-04-30,0.007225,0.005134,0.0020803196389735934
1927-05-31,0.057773,0.053623,0.003938790250402668
1927-06-30,-0.021087,-0.027406,0.00649705838201764
1927-07-30,0.075279,0.07287,0.0022453792164942588
1927-08-31,0.02249,0.018438,0.003978641802446337
1927-09-30,0.049924,0.045003,0.004709077390208538
1927-10-31,-0.04077,-0.042594,0.001905147868302537
1927-11-30,0.068453,0.0633,0.004846233424245394
1927-12-31,0.023782,0.018206,0.0054762985093390615
1928-01-31,-0.00334,-0.005101,0.0017700289175082151
1928-02-29,-0.014478,-0.018119,0.003708188670521251
1928-03-31,0.090478,0.085582,0.004510023194931323
1928-04-30,0.043846,0.042082,0.001692765060715029
1928-05-31,0.01769,0.01395,0.0036885448000394394
1928-06-30,-0.045245,-0.050289,0.005311089373504219
1928-07-31,0.0094,0.007626,0.00176057386371542
1928-08-31,0.070206,0.066186,0.003770449058607017
1928-09-29,0.031498,0.02804,0.003363682346990249
1928-10-31,0.019228,0.01765,0.001550631356556753
1928-11-30,0.1215,0.116383,0.004583552418838455
1928-12-31,0.005557,0.001348,0.00420333390589489
1929-01-31,0.053935,0.052346,0.001509959652053583
1929-02-28,-0.000446,-0.003386,0.002949988661608227
1929-03-28,-0.007808,-0.011795,0.004034587965047631
1929-04-30,0.017179,0.015796,0.0013614938432520152
1929-05-31,-0.059923,-0.06397,0.004323579372456088
1929-06-29,0.101573,0.098075,0.0031855747558227065
1929-07-31,0.045958,0.044149,0.0017325113561377226
1929-08-30,0.085343,0.081953,0.0031332229773382014
1929-09-30,-0.050455,-0.053236,0.0029373740446403396
1929-10-31,-0.196684,-0.198513,0.002282008317040729
1929-11-27,-0.123812,-0.127992,0.0047935340042750685
1929-12-31,0.01639,0.010773,0.005557133006125037
1930-01-31,0.058407,0.055806,0.002463520760442872
1930-02-28,0.028242,0.024348,0.003801442478532646
1930-03-31,0.074631,0.070571,0.0037923687452772192
1930-04-30,-0.020541,-0.02246,0.00196309102440817
1930-05-29,-0.01401,-0.017611,0.0036655540727756897
1930-06-30,-0.15998,-0.164259,0.0051200072749810754
1930-07-31,0.041964,0.039529,0.002342406993936841
1930-08-29,0.003663,-0.000581,0.004246467197441817
1930-09-30,-0.124805,-0.129438,0.005321849563844738
1930-10-31,-0.086579,-0.089129,0.002799518263288725
1930-11-29,-0.028057,-0.031917,0.0039872614228324554
1930-12-31,-0.077739,-0.084436,0.007314617001105361
1931-01-31,0.063781,0.061058,0.002566306460155765
1931-02-28,0.109695,0.10477,0.004457941471980753
1931-03-31,-0.062866,-0.067999,0.005507504820273956
1931-04-30,-0.100219,-0.102366,0.002391843446215125
1931-05-29,-0.133835,-0.138385,0.0052807808592003624
1931-06-30,0.14034,0.133177,0.006321166066731054
1931-07-31,-0.066438,-0.069027,0.0027809614242302327
1931-08-31,0.003078,-0.001547,0.004632165960741119
1931-09-30,-0.291731,-0.296941,0.007410473374211968
1931-10-31,0.081509,0.078213,0.0030569099055566262
1931-11-30,-0.088402,-0.094909,0.007189332343377597
1931-12-31,-0.134971,-0.143493,0.0099497143631051
1932-01-30,-0.010534,-0.012963,0.002460900655193221
1932-02-29,0.057663,0.05059,0.006732407504354887
1932-03-31,-0.110599,-0.117978,0.008366004476078936
1932-04-30,-0.179417,-0.182032,0.0031969465798173946
1932-05-31,-0.206198,-0.212804,0.008391810933998656
1932-06-30,-0.004289,-0.015854,0.01175130519252221
1932-07-30,0.340643,0.338162,0.0018540356100382738
1932-08-31,0.371388,0.365313,0.0044495291555854966
1932-09-30,-0.028649,-0.034609,0.006173664349470753
1932-10-31,-0.132553,-0.134024,0.0016986613947731488
1932-11-30,-0.05826,-0.063512,0.005608187184459323
1932-12-31,0.045227,0.036537,0.008383685290539455
1933-01-31,0.009813,0.007889,0.0019089403694256823
1933-02-28,-0.153204,-0.158071,0.005780772487941288
1933-03-31,0.033105,0.02503,0.007877818210198617
1933-04-29,0.394143,0.392133,0.0014438275653261279
1933-05-31,0.213261,0.209702,0.002942046884273797
1933-06-30,0.133364,0.128762,0.004077033068087044
1933-07-31,-0.096342,-0.097262,0.0010191218271524694
1933-08-31,0.121285,0.118881,0.0021485752282861537
1933-09-30,-0.105836,-0.109931,0.004600766906835307
1933-10-31,-0.08365,-0.085047,0.0015268543848701022
1933-11-29,0.099896,0.094806,0.004649225524887557
1933-12-30,0.017876,0.013525,0.004292938013369163
1934-01-31,0.126779,0.125078,0.00151189517526773
1934-02-28,-0.024287,-0.027694,0.0035040409089319713
1934-03-31,0.004425,0.000179,0.004245240102021652
1934-04-30,-0.018345,-0.019743,0.0014261566099500467
1934-05-31,-0.072273,-0.075352,0.003329915816613349
1934-06-30,0.025345,0.020823,0.0044297591257249636
1934-07-31,-0.109363,-0.111129,0.0019867899841485848
1934-08-31,0.057043,0.051711,0.005069833823170056
1934-09-29,-0.002362,-0.006753,0.004420854027246124
1934-10-31,-0.018895,-0.020333,0.0014678457067553996
1934-11-30,0.082096,0.077484,0.004280341981876212
1934-12-31,0.003554,-0.001824,0.005387827397172584
1935-01-31,-0.033416,-0.035249,0.0018999721171577555
1935-02-28,-0.019462,-0.023779,0.004422154409708501
1935-03-30,-0.036013,-0.041139,0.0053459260518469165
1935-04-30,0.090452,0.088987,0.0013452869501655584
1935-05-31,0.034561,0.030658,0.0037869011835156563
1935-06-29,0.057796,0.053032,0.00452407904033314
1935-07-31,0.07416,0.072613,0.0014422722827338585
1935-08-31,0.026773,0.022979,0.0037087760354805877
1935-09-30,0.026074,0.021727,0.004254561149896086
1935-10-31,0.069439,0.06792,0.0014223911903514797
1935-11-30,0.052872,0.047898,0.004746645188749232
1935-12-31,0.046926,0.042495,0.004250380097746254
1936-01-31,0.069559,0.067749,0.0016951549474641947
1936-02-29,0.025402,0.022231,0.003102038580320654
1936-03-31,0.008253,0.004881,0.0033556212128602603
1936-04-30,-0.081481,-0.082646,0.0012699568541696404
1936-05-29,0.052043,0.047488,0.004348498503085496
1936-06-30,0.024671,0.020754,0.003837359442138144
1936-07-31,0.065954,0.064326,0.0015296065303300743
1936-08-31,0.01095,0.006605,0.0043164895862826125
1936-09-30,0.011899,0.007962,0.0039059012145299388
1936-10-31,0.069986,0.068469,0.0014197885011171252
1936-11-30,0.032855,0.024019,0.008628746146311705
1936-12-31,0.002796,-0.003385,0.006201993748839785
1937-01-30,0.033258,0.031836,0.0013781259812606361
1937-02-27,0.013114,0.010212,0.002872664351641019
1937-03-31,-0.002732,-0.006259,0.003549214533766998
1937-04-30,-0.075416,-0.076577,0.0012572786252886825
1937-05-28,-0.007054,-0.011904,0.004908429950126303
1937-06-30,-0.041748,-0.046272,0.004743490806603079
1937-07-31,0.089725,0.088116,0.0014787026383216162
1937-08-31,-0.048365,-0.052758,0.004637674427443006
1937-09-30,-0.136623,-0.141279,0.005422017162733939
1937-10-30,-0.095798,-0.097368,0.0017393577892208523
1937-11-30,-0.083053,-0.0952,0.013425066312997336
1937-12-31,-0.040774,-0.050004,0.009715830382443835
1938-01-31,0.006776,0.005111,0.0016565334574984991
1938-02-28,0.058013,0.053921,0.003882643955287257
1938-03-31,-0.238416,-0.243128,0.00622562335507193
1938-04-30,0.145963,0.14406,0.0016633742985507904
1938-05-31,-0.039053,-0.043677,0.004835186438054917
1938-06-30,0.237914,0.232474,0.004413886215855145
1938-07-30,0.072097,0.070628,0.0013720918937298876
1938-08-31,-0.027139,-0.030484,0.0034501751389353075
1938-09-30,0.008912,0.004989,0.003903525312217493
1938-10-31,0.078927,0.077477,0.0013457363823079493
1938-11-30,-0.018206,-0.023255,0.00516920997803938
1938-12-31,0.04192,0.036519,0.00521071007863827
1939-01-31,-0.060381,-0.061611,0.0013107570527786105
1939-02-28,0.035255,0.031195,0.003937179679885938
1939-03-31,-0.120727,-0.124673,0.004508029570663208
1939-04-29,-0.001932,-0.003436,0.0015091855615896321
1939-05-31,0.068971,0.064244,0.004441650598922653
1939-06-30,-0.053626,-0.058185,0.004840653419196039
1939-07-31,0.102243,0.100681,0.0014191214348209247
1939-08-31,-0.067264,-0.071789,0.004874969161106746
1939-09-30,0.161815,0.15731,0.0038926476052223435
1939-10-31,-0.004191,-0.005407,0.00122261065581597
1939-11-30,-0.037131,-0.045817,0.009103075615474188
1939-12-30,0.029686,0.022795,0.006737420499709268
1940-01-31,-0.024215,-0.025613,0.0014347482057950334
1940-02-29,0.014758,0.009782,0.004927796296626541
1940-03-30,0.018643,0.014604,0.003980863469885687
1940-04-30,0.000837,-0.00093,0.0017686448397009613
1940-05-31,-0.221112,-0.227036,0.007664005050687983
1940-06-29,0.066856,0.061117,0.005408451659901781
1940-07-31,0.031923,0.030031,0.0018368379204121155
1940-08-31,0.024296,0.017631,0.0065495253190990255
1940-09-30,0.023118,0.018192,0.00483798733441243
1940-10-31,0.030143,0.028254,0.0018370947256223236
1940-11-30,-0.016753,-0.026882,0.010408809620210402
1940-12-31,0.006586,-0.001261,0.007856907560433557
1941-01-31,-0.041227,-0.042853,0.0016987986171403957
1941-02-28,-0.013801,-0.019944,0.0062680091749858224
1941-03-31,0.009515,0.00386,0.005633255633255674
1941-04-30,-0.054018,-0.055862,0.0019531043131406634
1941-05-31,0.013141,0.005156,0.007944040527042784
1941-06-30,0.058495,0.051569,0.006586348589583846
1941-07-31,0.059543,0.057281,0.002139450155635103
1941-08-30,-0.001156,-0.007953,0.006851489899168062
1941-09-30,-0.007611,-0.012758,0.005213514011762177
1941-10-31,-0.052926,-0.0553,0.002512967079496109
1941-11-29,-0.020271,-0.032685,0.012833461695517911
1941-12-31,-0.046692,-0.056609,0.010512078236913469
1942-01-31,0.008979,0.007175,0.0017911485094448398
1942-02-28,-0.023651,-0.02997,0.006514231518612856
1942-03-31,-0.065145,-0.071734,0.007098180909351326
1942-04-30,-0.043583,-0.045992,0.0025251360575593296
1942-05-29,0.060174,0.052393,0.007393625765279799
1942-06-30,0.025772,0.018226,0.00741092841864166
1942-07-31,0.035327,0.032815,0.0024321877586983565
1942-08-31,0.018408,0.01192,0.006411574037473278
1942-09-30,0.027069,0.021072,0.005873239105567585
1942-10-31,0.069088,0.067053,0.0019071217643360505
1942-11-30,0.001177,-0.009144,0.010416246154839826
1942-12-31,0.05129,0.042483,0.008448099393467245
1943-01-30,0.073382,0.071869,0.0014115530909095675
1943-02-27,0.060478,0.055342,0.004866668814469621
1943-03-31,0.061795,0.056727,0.004795940673419041
1943-04-30,0.007333,0.00584,0.0014843315040165006
1943-05-29,0.057142,0.051725,0.0051505859421425715
1943-06-30,0.017351,0.012271,0.005018418980687889
1943-07-31,-0.047753,-0.049281,0.0016072046524788774
1943-08-31,0.013444,0.008795,0.004608468519372133
1943-09-30,0.024077,0.019105,0.004878790703607638
1943-10-30,-0.011573,-0.012763,0.0012053843200769965
1943-11-30,-0.059903,-0.068563,0.009297461878795987
1943-12-31,0.064217,0.056945,0.006880206633268493
1944-01-31,0.01803,0.016629,0.0013780838437620346
1944-02-29,0.003459,-0.001591,0.005058047353339257
1944-03-31,0.024768,0.019977,0.004697164739989157
1944-04-29,-0.016484,-0.017836,0.00137655218476751
1944-05-31,0.050909,0.044927,0.00572480182826185
1944-06-30,0.056842,0.051524,0.005057421418817043
1944-07-31,-0.015194,-0.016613,0.0014429720954212133
1944-08-31,0.015597,0.010417,0.0051265962468962645
1944-09-30,0.000453,-0.003469,0.003935652779492038
1944-10-31,0.002119,0.000611,0.0015070791746243373
1944-11-30,0.016668,0.007608,0.008991591968305013
1944-12-30,0.04107,0.035301,0.005572292502373566
1945-01-31,0.020218,0.018951,0.0012434356509785083
1945-02-28,0.064477,0.059894,0.004324017307391292
1945-03-31,-0.039177,-0.043164,0.004166858270382656
1945-04-30,0.078232,0.076981,0.001161580380712568
1945-05-31,0.018185,0.012439,0.005675403653948363
1945-06-30,0.004676,0.001087,0.003585102993046485
1945-07-31,-0.022066,-0.023305,0.0012685638812526268
1945-08-31,0.061826,0.057147,0.004426063735696095
1945-09-29,0.048297,0.044969,0.003184783472045538
1945-10-31,0.038749,0.037605,0.0011025390201471197
1945-11-30,0.054859,0.047862,0.006677405994300667
1945-12-31,0.013003,0.009218,0.003750428549629703
1946-01-31,0.063402,0.062228,0.001105224113843839
1946-02-28,-0.058257,-0.061743,0.0037153999383963132
1946-03-30,0.057941,0.05462,0.003149001536098428
1946-04-30,0.042293,0.041154,0.0010939784124155416
1946-05-31,0.040195,0.036075,0.003976546099461853
1946-06-28,-0.038668,-0.041517,0.002972405353042218
1946-07-31,-0.026309,-0.027697,0.0014275385347981562
1946-08-30,-0.064468,-0.06842,0.0042422550934970715
1946-09-30,-0.102023,-0.10541,0.0037860919527381576
1946-10-31,-0.014164,-0.015903,0.0017671022267113923
1946-11-30,0.000697,-0.006475,0.007218741350242697
1946-12-31,0.050161,0.043412,0.006468202397518885
1947-01-31,0.013084,0.011536,0.0015303459293589672
1947-02-28,-0.011091,-0.016381,0.005378098633719075
1947-03-31,-0.01679,-0.020805,0.004100306884736948
1947-04-30,-0.047698,-0.049487,0.0018821415383061257
1947-05-29,-0.009625,-0.016317,0.0068030046264904165
1947-06-30,0.053227,0.048539,0.004470982958192371
1947-07-31,0.041348,0.039342,0.0019300672925754991
1947-08-29,-0.017357,-0.022668,0.005434182038447588
1947-09-30,-0.004667,-0.009473,0.0048519626421086315
1947-10-31,0.024831,0.022847,0.0019396840387662095
1947-11-29,-0.01875,-0.028514,0.01005058230381084
1947-12-31,0.030708,0.023249,0.007289525814342168
1948-01-31,-0.037908,-0.039685,0.0018504344928487182
1948-02-28,-0.043422,-0.049503,0.006397705621374872
1948-03-31,0.082628,0.076865,0.0053516457494671155
1948-04-30,0.038128,0.035973,0.002080170043041507
1948-05-28,0.074319,0.068382,0.005557001147529661
1948-06-30,-0.00028,-0.005419,0.00516699997285297
1948-07-30,-0.050288,-0.05175,0.0015417875032954775
1948-08-31,0.003762,-0.0029,0.006681375990372107
1948-09-30,-0.029813,-0.035123,0.0055032921294631
1948-10-30,0.060316,0.057425,0.002734000047284635
1948-11-30,-0.092077,-0.102565,0.01168664025806887
1948-12-31,0.032566,0.024024,0.008341601368717866
1949-01-31,0.003074,0.001118,0.0019538156341212254
1949-02-28,-0.028852,-0.036237,0.007662672254485692
1949-03-31,0.041538,0.035339,0.005987410886675759
1949-04-30,-0.017972,-0.020566,0.00264846840113786
1949-05-31,-0.028488,-0.035515,0.007285753536861561
1949-06-30,0.00218,-0.004382,0.006590881241600677
1949-07-29,0.056377,0.054776,0.0015178578200489845
1949-08-31,0.026916,0.018887,0.007880167280571726
1949-09-30,0.032082,0.027265,0.004689150316617319
1949-10-31,0.031801,0.030003,0.0017456259836134969
1949-11-30,0.018535,0.004549,0.013922665793306255
1949-12-31,0.052267,0.044769,0.007176706046982728
1950-01-31,0.017764,0.015872,0.0018624393624391278
1950-02-28,0.015234,0.008173,0.007003758283548489
1950-03-31,0.012742,0.007457,0.005245881461938273
1950-04-29,0.040678,0.038736,0.0018695799510173305
1950-05-31,0.044173,0.036817,0.007094791076921014
1950-06-30,-0.058018,-0.062799,0.005101360327186999
1950-07-31,0.016122,0.014577,0.001522802113590016
1950-08-31,0.050875,0.040213,0.010249823834157068
1950-09-29,0.049044,0.044122,0.00471400851624626
1950-10-31,-0.001184,-0.002931,0.0017521355091774105
1950-11-30,0.029056,0.012268,0.016584540852817575
1950-12-30,0.057946,0.051048,0.00656297333708844
1951-01-31,0.058735,0.056761,0.0018679720390892829
1951-02-28,0.014086,0.007435,0.006601914763731509
1951-03-31,-0.021115,-0.025753,0.004760599724710435
1951-04-30,0.050061,0.048488,0.001500255606167844
1951-05-31,-0.022464,-0.02997,0.007737905013247115
1951-06-29,-0.025533,-0.029834,0.004433261936616972
1951-07-31,0.071611,0.070243,0.001278214386826182
1951-08-31,0.045004,0.03675,0.007961417892452305
1951-09-28,0.009087,0.005339,0.0037280956970733303
1951-10-31,-0.022629,-0.024556,0.001975510639257605
1951-11-30,0.006193,-0.004035,0.010269437179017293
1951-12-31,0.035266,0.030241,0.004877499536516172
1952-01-31,0.017002,0.015421,0.0015569896624159085
1952-02-29,-0.025141,-0.032328,0.007427103398672363
1952-03-31,0.04587,0.041726,0.003978013412356152
1952-04-30,-0.049148,-0.050847,0.0017900169940989752
1952-05-29,0.032847,0.025367,0.007294949028006759
1952-06-30,0.039575,0.035588,0.0038499866742371935
1952-07-31,0.011404,0.009897,0.0014922313859728753
1952-08-29,-0.006733,-0.013803,0.00716895305907439
1952-09-30,-0.019147,-0.023065,0.0040105022340277685
1952-10-31,-0.005309,-0.00696,0.0016625714976234995
1952-11-28,0.059347,0.049762,0.00913064104054051
1952-12-31,0.031066,0.026399,0.004546964679427834
1953-01-30,-0.001644,-0.002728,0.0010869652411780173
1953-02-27,-0.00182,-0.009109,0.0073560058573547416
1953-03-31,-0.012862,-0.016681,0.0038837854246687176
1953-04-30,-0.027705,-0.029126,0.0014636296780015101
1953-05-29,0.006921,-0.000349,0.007272538115802307
1953-06-30,-0.016377,-0.020523,0.004232871215965162
1953-07-31,0.025111,0.023557,0.001518234939529517
1953-08-31,-0.044056,-0.051366,0.007705816995806636
1953-09-30,0.00301,-0.001313,0.004328683561516167
1953-10-30,0.047523,0.045928,0.0015249615652319637
1953-11-30,0.028501,0.018445,0.009873876350710908
1953-12-31,0.000678,-0.004642,0.005344810610855566
1954-01-29,0.052722,0.0515,0.001162149310508731
1954-02-26,0.017551,0.010325,0.007152154009848477
1954-03-31,0.037377,0.033374,0.0038737185181745293
1954-04-30,0.043162,0.04182,0.0012881303872069871
1954-05-28,0.031704,0.025208,0.006336275175379047
1954-06-30,0.01156,0.007767,0.0037637668230849908
1954-07-30,0.050668,0.049442,0.0011682398836714292
1954-08-31,-0.022763,-0.029369,0.006805881946898351
1954-09-30,0.064633,0.061381,0.0030639327442265607
1954-10-29,-0.016216,-0.017622,0.0014312209760398709
1954-11-30,0.095387,0.086046,0.008600924822705469
1954-12-31,0.055469,0.051807,0.003481627332771131
1955-01-31,0.006838,0.006027,0.0008061413858673205
1955-02-28,0.031354,0.025725,0.005487825684272307
1955-03-31,-0.000995,-0.004256,0.0032749381367098707
1955-04-29,0.032352,0.031343,0.000978336014303638
1955-05-31,0.012033,0.00645,0.0055472204282378534
1955-06-30,0.066108,0.063181,0.002753058980550005
1955-07-29,0.020246,0.019367,0.000862299839017755
1955-08-31,0.004197,-0.001579,0.0057851347277351195
1955-09-30,-0.002009,-0.004543,0.002545564499521147
1955-10-31,-0.025752,-0.026812,0.0010892037304199853
1955-11-30,0.071864,0.062697,0.00862616531334881
1955-12-30,0.016543,0.01339,0.0031113391685333447
1956-01-31,-0.02812,-0.029475,0.0013961515674505431
1956-02-29,0.03961,0.034439,0.004998844784467771
1956-03-29,0.068456,0.065641,0.002641602565967238
1956-04-30,0.005083,0.004136,0.000943099341125242
1956-05-31,-0.049309,-0.054848,0.0058604330308775765
1956-06-29,0.037251,0.03454,0.0026204883329787876
1956-07-31,0.05083,0.049531,0.0012376956945530093
1956-08-31,-0.02982,-0.034966,0.005332454607817061
1956-09-28,-0.049608,-0.052064,0.0025908922121324895
1956-10-31,0.007292,0.005534,0.0017483247707190674
1956-11-30,0.004678,-0.002238,0.006931512725479649
1956-12-31,0.034957,0.031548,0.0033047419994027827
1957-01-31,-0.032121,-0.033529,0.0014568466099862398
1957-02-28,-0.018703,-0.024198,0.005631265359161031
1957-03-29,0.024112,0.020947,0.0031000629807422797
1957-04-30,0.045179,0.043785,0.0013355240782346733
1957-05-31,0.036679,0.031177,0.005335650426648186
1957-06-28,-0.005054,-0.007812,0.0027797151346318216
1957-07-31,0.008938,0.007362,0.0015644822814437909
1957-08-30,-0.050051,-0.055226,0.0054775004392584314
1957-09-30,-0.057586,-0.060387,0.00298101452406474
1957-10-31,-0.041251,-0.04305,0.001879931030879245
1957-11-29,0.025605,0.018521,0.006955183054645042
1957-12-31,-0.037361,-0.041179,0.003981973694777263
1958-01-31,0.049595,0.048239,0.0012935981202761848
1958-02-28,-0.014257,-0.020351,0.0062205953356764265
1958-03-31,0.0337,0.030264,0.0033350675166752275
1958-04-30,0.030833,0.029282,0.0015068756667266925
1958-05-29,0.024582,0.019186,0.0052944212342007635
1958-06-30,0.029493,0.026265,0.003145386425533303
1958-07-31,0.044844,0.043276,0.0015029579900236456
1958-08-29,0.019181,0.014464,0.004649746072802774
1958-09-30,0.04868,0.045746,0.0028056526154534023
1958-10-31,0.027184,0.025739,0.0014087404300706652
1958-11-28,0.03061,0.025441,0.00504075807384341
1958-12-31,0.0531,0.050293,0.0026725875541395716
1959-01-30,0.00912,0.008122,0.0009899595485467483
1959-02-27,0.01122,0.006813,0.004377178284348693
1959-03-31,0.004669,0.002113,0.0025506105598869233
1959-04-30,0.037899,0.036877,0.0009856521072411084
1959-05-29,0.019595,0.015364,0.004166978541685573
1959-06-30,0.000676,-0.001865,0.0025457478196835304
1959-07-31,0.034362,0.033327,0.001001619042181101
1959-08-31,-0.012446,-0.016502,0.004124055158221118
1959-09-30,-0.044977,-0.047403,0.0025467222760515718
1959-10-30,0.015746,0.014613,0.0011166819270007622
1959-11-30,0.018557,0.013272,0.005215776218034263
1959-12-31,0.028043,0.025271,0.0027036754184990297
1960-01-29,-0.066244,-0.067191,0.0010152131894096694
1960-02-29,0.014419,0.009714,0.00465973533099473
1960-03-31,-0.012822,-0.015488,0.002707940583761337
1960-04-29,-0.015271,-0.016329,0.0010755628660394922
1960-05-31,0.034098,0.029279,0.0046819181193824555
1960-06-30,0.022833,0.020134,0.0026457308549661107
1960-07-29,-0.022705,-0.023635,0.0009525126361555891
1960-08-31,0.032215,0.027065,0.005014288287499058
1960-09-30,-0.058673,-0.06086,0.002328726281491722
1960-10-31,-0.004705,-0.005921,0.00122324282074171
1960-11-30,0.048617,0.042646,0.005726775914356219
1960-12-30,0.048537,0.04623,0.002205060072832943
1961-01-31,0.063952,0.062787,0.0010961744921607064
1961-02-28,0.037005,0.032835,0.004037430954605625
1961-03-30,0.03061,0.028347,0.0022006190517405155
1961-04-28,0.005645,0.004884,0.0007573013402539797
1961-05-31,0.025894,0.021619,0.004184534547615026
1961-06-30,-0.028499,-0.03057,0.0021363069019939562
1961-07-31,0.029955,0.029207,0.0007267731369879904
1961-08-31,0.026854,0.021872,0.004875365994958303
1961-09-29,-0.01999,-0.021266,0.001303725016194468
1961-10-31,0.027331,0.026092,0.0012074940648596488
1961-11-30,0.045451,0.03988,0.005357348924875938
1961-12-29,0.000713,-0.000599,0.0013127863590289834
1962-01-31,-0.036147,-0.037488,0.0013932293831140363
1962-02-28,0.019512,0.015252,0.004196002568820356
1962-03-30,-0.004688,-0.006113,0.0014337646030182505
1962-04-30,-0.063435,-0.064212,0.0008303162682146148
1962-05-31,-0.08462,-0.089763,0.005650176822080466
1962-06-29,-0.082615,-0.084336,0.0018795103880899777
1962-07-31,0.065438,0.064129,0.001230114018131001
1962-08-31,0.023417,0.017888,0.00543183532962388
1962-09-28,-0.050158,-0.051786,0.0017169120050959386
1962-10-31,0.002188,0.000431,0.0017562430592414913
1962-11-30,0.110137,0.102924,0.0065398885145304675
1962-12-31,0.011865,0.010056,0.0017909898065058272
1963-01-31,0.051848,0.050475,0.0013070277731501712
1963-02-28,-0.021931,-0.026608,0.0048048473790620605
1963-03-29,0.032917,0.031233,0.0016329966166714893
1963-04-30,0.047439,0.046435,0.0009594480306946984
1963-05-31,0.020051,0.014726,0.005247722045162995
1963-06-28,-0.018031,-0.019459,0.0014563388986283954
1963-07-31,-0.001717,-0.002995,0.001281839108128846
1963-08-30,0.052684,0.048035,0.004435920556088213
1963-09-30,-0.011898,-0.013317,0.0014381518684318806
1963-10-31,0.027708,0.026276,0.0013953361473912906
1963-11-29,-0.005549,-0.011692,0.00621567365639053
1963-12-31,0.021737,0.019979,0.0017235648969242678
1964-01-31,0.02579,0.024731,0.0010334419472035616
1964-02-28,0.017207,0.012653,0.004497098216269535
1964-03-31,0.017636,0.015967,0.0016427698931165136
1964-04-30,0.004607,0.003672,0.0009315792410271584
1964-05-28,0.017403,0.012531,0.004811704530528038
1964-06-30,0.01508,0.013413,0.0016449364671660138
1964-07-31,0.020118,0.019127,0.0009724008882112667
1964-08-31,-0.011266,-0.015575,0.004377174492724123
1964-09-30,0.03048,0.028792,0.0016407592594034348
1964-10-30,0.008869,0.00773,0.0011302630664959956
1964-11-30,0.00309,-0.002673,0.005778445785584951
1964-12-31,0.00369,0.001939,0.0017476113815313443
1965-01-29,0.038646,0.037663,0.0009473210473920357
1965-02-26,0.006946,0.002634,0.004300672029873276
1965-03-31,-0.009715,-0.011428,0.0017328024665881347
1965-04-30,0.033652,0.032737,0.0008859951759256912
1965-05-28,-0.004351,-0.009103,0.004795654846063702
1965-06-30,-0.051868,-0.053592,0.0018216245002153908
1965-07-30,0.01676,0.015871,0.0008751111115488097
1965-08-31,0.030883,0.026133,0.004629029570240917
1965-09-30,0.031952,0.030357,0.0015480071470372891
1965-10-29,0.029271,0.028212,0.0010299432412772536
1965-11-30,0.003065,-0.002961,0.006043895975984981
1965-12-31,0.013545,0.011976,0.0015504320260559812
1966-01-31,0.012122,0.011231,0.0008811043174110633
1966-02-28,-0.008621,-0.013014,0.0044509243292205625
1966-03-31,-0.020923,-0.022747,0.0018664562810244423
1966-04-29,0.024837,0.023853,0.0009610754668885058
1966-05-31,-0.052538,-0.057483,0.005246589716684236
1966-06-30,-0.010317,-0.012063,0.0017673191711617964
1966-07-29,-0.01287,-0.013831,0.0009744780052911572
1966-08-31,-0.075388,-0.080712,0.00579143859160558
1966-09-30,-0.006958,-0.008696,0.0017532462292091378
1966-10-31,0.042294,0.041171,0.0010785932378063467
1966-11-30,0.017516,0.010606,0.006837481669414336
1966-12-30,0.00621,0.00441,0.001792096852878844
1967-01-31,0.08553,0.084077,0.0013403106974871903
1967-02-28,0.010945,0.006257,0.004658849578189406
1967-03-31,0.043384,0.041582,0.0017300606193271229
1967-04-28,0.041609,0.040697,0.0008763357634355984
1967-05-31,-0.039293,-0.044217,0.005151797008316583
1967-06-30,0.026902,0.025341,0.001522420346011577
1967-07-31,0.04919,0.048278,0.0008699982256614724
1967-08-31,-0.006282,-0.011073,0.004844644751331506
1967-09-29,0.034286,0.032875,0.00136608979789421
1967-10-31,-0.027433,-0.028649,0.0012518646709582804
1967-11-30,0.007902,0.002565,0.005323345618488684
1967-12-29,0.033699,0.032203,0.001449327312553761
1968-01-31,-0.036331,-0.037831,0.0015589776847932946
1968-02-29,-0.033624,-0.038107,0.004660601542999077
1968-03-29,0.005117,0.00374,0.0013718692091577722
1968-04-30,0.094148,0.09273,0.0012976673103144432
1968-05-31,0.02704,0.022493,0.004446974209114218
1968-06-28,0.011527,0.010038,0.0014742019607183465
1968-07-30,-0.022024,-0.023161,0.0011639584414626647
1968-08-30,0.018037,0.013494,0.0044825129699832544
1968-09-30,0.044454,0.043207,0.0011953524084864497
1968-10-31,0.009042,0.007468,0.0015623325008833344
1968-11-29,0.058501,0.054124,0.004152262921629513
1968-12-31,-0.033873,-0.035363,0.001544622484934699
1969-01-31,-0.006711,-0.007725,0.0010218941321709085
1969-02-28,-0.053641,-0.057883,0.004502625470084842
1969-03-28,0.030505,0.029062,0.001402247872334339
1969-04-30,0.020527,0.019346,0.0011585859953342492
1969-05-29,0.00504,0.000241,0.00479784371966363
1969-06-30,-0.067388,-0.068958,0.0016862826811250287
1969-07-31,-0.065171,-0.066372,0.0012863795858735205
1969-08-29,0.051491,0.046518,0.004751948843689124
1969-09-30,-0.02259,-0.024167,0.0016160552061674771
1969-10-31,0.055638,0.05377,0.001772682843504736
1969-11-28,-0.032164,-0.036677,0.004684825338956866
1969-12-31,-0.01968,-0.021471,0.0018302983355629188
1970-01-30,-0.073254,-0.074519,0.001366856802030414
1970-02-27,0.056706,0.051651,0.0048067277071954795
1970-03-31,-0.004729,-0.006569,0.001852166884262818
1970-04-30,-0.105318,-0.106393,0.0012029896811460716
1970-05-29,-0.064346,-0.069931,0.006004930816960741
1970-06-30,-0.051067,-0.053372,0.002434958610985527
1970-07-31,0.07417,0.072132,0.0019008853387456615
1970-08-31,0.050036,0.044584,0.005219302612331722
1970-09-30,0.047535,0.0456,0.0018506120887529232
1970-10-30,-0.018208,-0.02045,0.002288806084426387
1970-11-30,0.050449,0.045355,0.0048729857321196945
1970-12-31,0.060723,0.058969,0.001656327994492779
1971-01-29,0.05203,0.050772,0.001197215000019014
1971-02-26,0.016913,0.012413,0.004444826370265886
1971-03-31,0.044778,0.042972,0.0017315901098016173
1971-04-30,0.033332,0.0323,0.000999709386806158
1971-05-28,-0.036409,-0.040737,0.004511797077548119
1971-06-30,0.003119,0.001386,0.0017306013864784031
1971-07-30,-0.040283,-0.041317,0.0010785629869312086
1971-08-31,0.042511,0.037666,0.004669132456879277
1971-09-30,-0.005016,-0.006491,0.0014846367773215796
1971-10-29,-0.040683,-0.042346,0.0017365353248668391
1971-11-30,-0.001262,-0.005696,0.004459400746652964
1971-12-31,0.091257,0.089557,0.0015602671544487912
1972-01-31,0.028382,0.027169,0.0011809157013109584
1972-02-29,0.031349,0.027272,0.0039687638716914275
1972-03-30,0.008723,0.007248,0.0014643861293346383
1972-04-28,0.005505,0.004723,0.000778323975862083
1972-05-31,0.016376,0.01196,0.004363808846199468
1972-06-30,-0.020897,-0.022412,0.0015497326071924888
1972-07-31,-0.004254,-0.00531,0.0010616372940313035
1972-08-31,0.035966,0.031857,0.003982140936195533
1972-09-29,-0.00767,-0.009085,0.0014279731359401193
1972-10-31,0.008676,0.007358,0.001308372991528195
1972-11-30,0.049764,0.045305,0.004265740621158365
1972-12-29,0.011243,0.009903,0.0013268601043860961
1973-01-31,-0.027454,-0.028654,0.0012353991265727782
1973-02-28,-0.04437,-0.047916,0.0037244612870293015
1973-03-30,-0.007857,-0.00933,0.0014868725206174105
1973-04-30,-0.051769,-0.052965,0.0012628889111807595
1973-05-31,-0.024508,-0.028777,0.004395488986566498
1973-06-29,-0.008648,-0.010424,0.0017947080365732226
1973-07-31,0.056961,0.055514,0.0013708960752769617
1973-08-31,-0.029657,-0.034039,0.004536415031248575
1973-09-28,0.053931,0.05253,0.001331078449070322
1973-10-31,-0.000415,-0.002142,0.001730707174768309
1973-11-30,-0.120713,-0.125557,0.0055395263041730924
1973-12-31,0.011437,0.009421,0.0019971845245938535
1974-01-31,0.004412,0.002807,0.0016005073757963117
1974-02-28,0.002345,-0.002452,0.00480879115591426
1974-03-29,-0.023364,-0.025299,0.0019852241866991083
1974-04-30,-0.045961,-0.047695,0.001820845212405775
1974-05-31,-0.041982,-0.047321,0.005604196166809627
1974-06-28,-0.022943,-0.025407,0.0025282348631683327
1974-07-31,-0.070875,-0.072696,0.001963757300734059
1974-08-30,-0.087757,-0.094578,0.0075335037142902905
1974-09-30,-0.109719,-0.112274,0.0028781403270827788
1974-10-31,0.165585,0.16246,0.002688264542435981
1974-11-29,-0.041046,-0.048241,0.007559686853499725
1974-12-31,-0.027006,-0.030302,0.0033989963885663332
1975-01-31,0.141599,0.139591,0.0017620356777123813
1975-02-28,0.058412,0.051629,0.006449993296114842
1975-03-31,0.030191,0.027442,0.0026755768208814867
1975-04-30,0.046497,0.044433,0.001976191866783328
1975-05-30,0.05514,0.049542,0.00533375510460754
1975-06-30,0.051473,0.048958,0.0023976174451216803
1975-07-31,-0.060385,-0.062318,0.0020614664673097582
1975-08-29,-0.023558,-0.02896,0.005563107595979666
1975-09-30,-0.03801,-0.040486,0.0025804730311387303
1975-10-31,0.055857,0.053273,0.0024533050785504606
1975-11-28,0.031222,0.025801,0.005284650726603113
1975-12-31,-0.010998,-0.013677,0.002716148766682025
1976-01-30,0.126012,0.124372,0.0014585919962433191
1976-02-27,0.00731,0.002081,0.005218141048477953
1976-03-31,0.02674,0.024295,0.002387007649163664
1976-04-30,-0.010402,-0.011668,0.0012809460788478777
1976-05-28,-0.009326,-0.015305,0.006071930902462164
1976-06-30,0.044521,0.042168,0.002257793369207395
1976-07-30,-0.006136,-0.007574,0.001448974533113656
1976-08-31,-0.001398,-0.007387,0.006033569981453102
1976-09-30,0.024513,0.022386,0.0020804275488905954
1976-10-29,-0.020372,-0.022249,0.0019197116648306256
1976-11-30,0.005363,-0.001438,0.006810793921659508
1976-12-31,0.061591,0.0593,0.002162748985178986
1977-01-31,-0.036326,-0.037995,0.001734918217680903
1977-02-28,-0.015744,-0.02177,0.006160105496662238
1977-03-31,-0.009249,-0.011797,0.0025784175923369013
1977-04-29,0.004962,0.003564,0.0013930352224671427
1977-05-31,-0.010777,-0.018005,0.0073605262755920275
1977-06-30,0.051369,0.048712,0.002533584053581839
1977-07-29,-0.012806,-0.014162,0.0013754795412634913
1977-08-31,-0.013338,-0.020278,0.0070836420943900524
1977-09-30,0.001572,-0.001008,0.0025826032640900998
1977-10-31,-0.039278,-0.041312,0.002121649587769836
1977-11-30,0.04544,0.037081,0.008060122594088615
1977-12-30,0.008223,0.005497,0.002711097099245441
1978-01-31,-0.055199,-0.057209,0.0021319677425855055
1978-02-28,-0.009275,-0.0167,0.007551103427234862
1978-03-31,0.034009,0.030865,0.0030498658893260977
1978-04-28,0.082853,0.081203,0.0015260778965653365
1978-05-31,0.02323,0.015499,0.00761300601970083
1978-06-30,-0.010749,-0.01374,0.003032668870277533
1978-07-31,0.056741,0.054868,0.001775577607814549
1978-08-31,0.04237,0.035504,0.006630587617237671
1978-09-29,-0.006889,-0.009456,0.002591505273869643
1978-10-31,-0.110995,-0.1136,0.002938853790613871
1978-11-30,0.033787,0.025752,0.007833277439381003
1978-12-29,0.017708,0.01458,0.0030830491434878926
1979-01-31,0.04953,0.047019,0.0023982372812720865
1979-02-28,-0.026765,-0.033781,0.007261293764664112
1979-03-30,0.065613,0.062472,0.0029563132016654503
1979-04-30,0.00852,0.006438,0.0020686818264017415
1979-05-31,-0.013571,-0.021459,0.008060980582315969
1979-06-29,0.046852,0.043821,0.002903754570946493
1979-07-31,0.014991,0.012773,0.0021900267878389723
1979-08-31,0.064732,0.057305,0.007024463139775339
1979-09-28,0.001426,-0.000932,0.0023601997061259983
1979-10-31,-0.072662,-0.07547,0.0030372189112306547
1979-11-30,0.063604,0.05581,0.007382010020742458
1979-12-31,0.028215,0.025174,0.0029663257164149748
1980-01-31,0.065607,0.063303,0.002166832972351429
1980-02-29,0.001015,-0.00574,0.006793997545913477
1980-03-31,-0.120224,-0.123258,0.0034605391323787593
1980-04-30,0.052287,0.049833,0.0023375146332798025
1980-05-30,0.060091,0.052629,0.007088917367847447
1980-06-30,0.037714,0.034438,0.00316693702280868
1980-07-31,0.069438,0.067066,0.00222291779515027
1980-08-29,0.023554,0.017237,0.006209958937789528
1980-09-30,0.029498,0.026617,0.0028063045907091855
1980-10-31,0.020095,0.01737,0.002678474891140814
1980-11-28,0.104952,0.09901,0.0054066841975959345
1980-12-31,-0.034411,-0.037041,0.002731165085948728
1981-01-30,-0.040085,-0.041823,0.0018138611133433624
1981-02-27,0.015519,0.009121,0.006340171297594788
1981-03-31,0.046183,0.043095,0.0029604206711757453
1981-04-30,-0.011266,-0.013035,0.0017923634576708647
1981-05-29,0.013546,0.007402,0.006098856265919883
1981-06-30,-0.010243,-0.013356,0.0031551400505147598
1981-07-31,-0.003079,-0.004806,0.0017353400442525757
1981-08-31,-0.056281,-0.063014,0.007185806404791606
1981-09-30,-0.063776,-0.066716,0.0031501665088011777
1981-10-30,0.060162,0.057005,0.002986740838501367
1981-11-30,0.045848,0.039226,0.006372049967956928
1981-12-31,-0.028096,-0.031104,0.0031045643701697045
1982-01-29,-0.026209,-0.027912,0.0017518990050282568
1982-02-26,-0.051126,-0.05864,0.00798206849664318
1982-03-31,-0.010101,-0.014055,0.004010365689769646
1982-04-30,0.043269,0.041424,0.0017716127148981187
1982-05-28,-0.028213,-0.036597,0.00870248483760161
1982-06-30,-0.023913,-0.02738,0.0035645987127552736
1982-07-30,-0.020526,-0.022743,0.002268594648081157
1982-08-31,0.119016,0.109934,0.008182468507136553
1982-09-30,0.016766,0.013675,0.0030493008114040876
1982-10-29,0.118632,0.115926,0.0024248919731237883
1982-11-30,0.051941,0.044997,0.006644995153096245
1982-12-31,0.01451,0.012023,0.0024574540301951497
1983-01-31,0.041844,0.039755,0.002009127150145895
1983-02-28,0.030215,0.024204,0.005868947983019179
1983-03-31,0.034678,0.03162,0.0029642697892635628
1983-04-29,0.074185,0.072839,0.0012546150913601561
1983-05-31,0.013225,0.007961,0.005222424280304505
1983-06-30,0.037837,0.034865,0.0028718721765641497
1983-07-29,-0.03157,-0.032865,0.0013390064468765672
1983-08-31,0.003465,-0.001801,0.0052755011776211
1983-09-30,0.016027,0.013102,0.0028871722689325363
1983-10-31,-0.028038,-0.029739,0.0017531365271818977
1983-11-30,0.029556,0.024206,0.005223558541934015
1983-12-30,-0.010464,-0.013442,0.0030185756944851594
1984-01-31,-0.013025,-0.014875,0.001877934272300541
1984-02-29,-0.039073,-0.043938,0.00508858212124319
1984-03-30,0.01339,0.010025,0.0033316007029529082
1984-04-30,0.002538,0.0008,0.0017366107114309415
1984-05-31,-0.05232,-0.057705,0.005714770852015549
1984-06-29,0.023384,0.019501,0.0038087260336185924
1984-07-31,-0.020623,-0.022544,0.001965305855199606
1984-08-31,0.112691,0.106814,0.005309835256872564
1984-09-28,0.000403,-0.002539,0.0029494887519410096
1984-10-31,-7.3e-05,-0.002921,0.0028563433790100845
1984-11-30,-0.010685,-0.015257,0.004642835744960827
1984-12-31,0.023653,0.020092,0.0034908616085607136
1985-01-31,0.085719,0.083508,0.002040594070371604
1985-02-28,0.016898,0.012269,0.0045728951494119485
1985-03-29,-0.001747,-0.004924,0.003192720957997164
1985-04-30,-0.002187,-0.003958,0.001778037472315308
1985-05-31,0.055774,0.050799,0.004734492514743449
1985-06-28,0.017091,0.014038,0.0030107352978883117
1985-07-31,-0.000251,-0.00222,0.001973380905610389
1985-08-30,-0.004794,-0.009592,0.004844468138383462
1985-09-30,-0.039826,-0.042577,0.002873338117007851
1985-10-31,0.044441,0.042023,0.0023204862080778987
1985-11-29,0.069228,0.064699,0.0042537844029157945
1985-12-31,0.043062,0.040081,0.0028661229269641986
1986-01-31,0.00983,0.008007,0.0018085191868706385
1986-02-28,0.072501,0.068191,0.004034858934403918
1986-03-31,0.053887,0.051362,0.0024016466259957348
1986-04-30,-0.007903,-0.009634,0.0017478386778222443
1986-05-30,0.050847,0.047126,0.0035535360596528065
1986-06-30,0.014244,0.011622,0.002591877203145021
1986-07-31,-0.0597,-0.061454,0.0018688481971049775
1986-08-29,0.066183,0.06243,0.0035324680214225967
1986-09-30,-0.07902,-0.081272,0.0024512151583493402
1986-10-31,0.049305,0.04686,0.0023355558527407005
1986-11-28,0.015093,0.010874,0.004173616098544386
1986-12-31,-0.026387,-0.029056,0.002748871201634584
1987-01-30,0.128499,0.126927,0.0013949439493416982
1987-02-27,0.047922,0.044495,0.003281011397852529
1987-03-31,0.023665,0.021218,0.0023961583129166186
1987-04-30,-0.016996,-0.018893,0.0019335301858003362
1987-05-29,0.005123,0.001872,0.003244925499464868
1987-06-30,0.043655,0.041143,0.0024127329290981603
1987-07-31,0.044247,0.042348,0.001821848365421097
1987-08-31,0.037147,0.03386,0.003179347300408253
1987-09-30,-0.020773,-0.022845,0.002120441485741642
1987-10-30,-0.225361,-0.227342,0.0025638769028468733
1987-11-30,-0.072272,-0.076512,0.004591288679441474
1987-12-31,0.070324,0.067212,0.0029160091903015495
1988-01-29,0.044875,0.043042,0.0017573597228106586
1988-02-29,0.051691,0.045995,0.005445532722431645
1988-03-31,-0.016598,-0.019273,0.0027275684262797473
1988-04-29,0.010993,0.00919,0.0017865813176904943
1988-05-31,0.000447,-0.003859,0.004322681226854419
1988-06-30,0.051457,0.048743,0.0025878599428077464
1988-07-29,-0.007272,-0.009941,0.00269579893723515
1988-08-31,-0.028006,-0.032443,0.00458577634185886
1988-09-30,0.037204,0.034605,0.0025120698237490746
1988-10-31,0.017645,0.014482,0.00311784733489584
1988-11-30,-0.016411,-0.02113,0.004820864874804709
1988-12-30,0.021071,0.017627,0.003384344165396458
1989-01-31,0.066101,0.063305,0.0026295371506763754
1989-02-28,-0.016442,-0.020172,0.0038067905795711177
1989-03-31,0.021465,0.018641,0.002772321161233604
1989-04-28,0.048207,0.046272,0.0018494234768779982
1989-05-31,0.039336,0.034581,0.004596063527167127
1989-06-30,-0.004856,-0.007428,0.0025912477885734475
1989-07-31,0.077128,0.074881,0.0020904639676393444
1989-08-31,0.022126,0.018228,0.0038282192200569387
1989-09-29,-0.001473,-0.003969,0.0025059461000711547
1989-10-31,-0.029285,-0.031337,0.002118383792918621
1989-11-30,0.017816,0.014333,0.0034337835799487237
1989-12-29,0.018294,0.015515,0.0027365425424539236
1990-01-31,-0.070114,-0.071947,0.001975102715038979
1990-02-28,0.0149,0.010957,0.003900264798601505
1990-03-30,0.024148,0.021626,0.0024686137588512125
1990-04-30,-0.028283,-0.030562,0.002350846572962917
1990-05-31,0.088935,0.084648,0.003952434338144739
1990-06-29,-0.004193,-0.006736,0.0025602458158153762
1990-07-31,-0.009392,-0.011593,0.0022268154717641764
1990-08-31,-0.091903,-0.095716,0.004216595671271417
1990-09-28,-0.053844,-0.05611,0.0024007034718027676
1990-10-31,-0.012499,-0.015049,0.0025889612782767912
1990-11-30,0.065742,0.061414,0.004077579530701314
1990-12-31,0.029511,0.026274,0.003154128429639691
1991-01-31,0.049083,0.046987,0.0020019350765576593
1991-02-28,0.075848,0.071836,0.003743109953388224
1991-03-28,0.028922,0.026702,0.0021622632467841463
1991-04-30,0.003311,0.001186,0.0021224827354757725
1991-05-31,0.040737,0.037177,0.003432393892267127
1991-06-28,-0.044024,-0.046271,0.002356015178315962
1991-07-31,0.046779,0.044984,0.0017177296494492733
1991-08-30,0.026807,0.023275,0.00345166255405438
1991-09-30,-0.010979,-0.013078,0.00212681447976637
1991-10-31,0.017847,0.016248,0.0015734348308680257
1991-11-29,-0.037291,-0.040572,0.003419745931951157
1991-12-31,0.106782,0.104147,0.002386457600301428
1992-01-31,-0.001164,-0.002591,0.0014307069617378598
1992-02-28,0.013355,0.010308,0.003015911979317165
1992-03-31,-0.023699,-0.02597,0.0023315503629250944
1992-04-30,0.013414,0.011872,0.001523908162297083
1992-05-29,0.006407,0.003302,0.0030947810330290704
1992-06-30,-0.019258,-0.021665,0.002460302452636398
1992-07-31,0.0399,0.038369,0.0014744276841853754
1992-08-31,-0.020819,-0.02397,0.0032283843734310924
1992-09-30,0.012461,0.010286,0.002152855726002434
1992-10-30,0.010983,0.009546,0.001423412108016775
1992-11-30,0.040181,0.036954,0.003111999182220382
1992-12-31,0.01774,0.015533,0.0021732430162288985
1993-01-29,0.012616,0.0113,0.001301295362404753
1993-02-26,0.005425,0.002664,0.0027536642384686782
1993-03-31,0.025089,0.022659,0.0023761586217887487
1993-04-30,-0.025391,-0.026714,0.001359312678904212
1993-05-28,0.029572,0.026539,0.0029545881841799293
1993-06-30,0.005434,0.003218,0.002208891786231959
1993-07-30,-0.000806,-0.002154,0.0013509098598381009
1993-08-31,0.039496,0.036565,0.0028276084953668956
1993-09-30,0.000629,-0.001353,0.0019846852791827185
1993-10-29,0.018051,0.01673,0.001299263324579858
1993-11-30,-0.017601,-0.020476,0.002935099088945403
1993-12-31,0.019554,0.017529,0.0019901152694421498
1994-01-31,0.031459,0.03007,0.001348452046948223
1994-02-28,-0.024207,-0.02676,0.002623196744893308
1994-03-31,-0.045795,-0.047882,0.0021919551988303088
1994-04-29,0.009494,0.008044,0.001438429274912556
1994-05-31,0.009352,0.006361,0.0029720945068418825
1994-06-30,-0.02788,-0.030055,0.0022423951873558057
1994-07-29,0.030657,0.029283,0.0013349098352930522
1994-08-31,0.042629,0.039725,0.0027930462381879906
1994-09-30,-0.018338,-0.020352,0.00205584046514673
1994-10-31,0.014521,0.013,0.0015014807502469196
1994-11-30,-0.037206,-0.039981,0.002890567790845955
1994-12-30,0.01258,0.010141,0.0024145144093745685
1995-01-31,0.020353,0.018753,0.001570547522314003
1995-02-28,0.039647,0.037074,0.0024810187122614735
1995-03-31,0.027064,0.024887,0.0021241366121336203
1995-04-28,0.025048,0.023597,0.0014175500709749933
1995-05-31,0.033909,0.031129,0.0026960739150969637
1995-06-30,0.031142,0.029213,0.0018742476047233225
1995-07-31,0.040801,0.038953,0.0017787137627978122
1995-08-31,0.0093,0.006798,0.0024851062477280195
1995-09-29,0.036354,0.034641,0.0016556467412369713
1995-10-31,-0.011339,-0.01267,0.0013480801758276595
1995-11-30,0.042771,0.040301,0.0023743128190785168
1995-12-29,0.015192,0.013354,0.0018137787979324305
1996-01-31,0.028121,0.026805,0.0012816454925717036
1996-02-29,0.016353,0.014231,0.0020922255383635235
1996-03-29,0.010914,0.009211,0.0016874568350919716
1996-04-30,0.02556,0.024316,0.0012144689724655766
1996-05-31,0.02681,0.024551,0.002204868278885108
1996-06-28,-0.00829,-0.00982,0.0015451736047991105
1996-07-31,-0.053852,-0.055286,0.0015179197090335883
1996-08-30,0.032445,0.030375,0.002008977314084781
1996-09-30,0.052985,0.051279,0.001622785197839871
1996-10-31,0.013671,0.0123,0.0013543415983403584
1996-11-29,0.065593,0.063621,0.0018540438746508237
1996-12-31,-0.01138,-0.01307,0.0017123808172818666
1997-01-31,0.053473,0.052358,0.001059525370644021
1997-02-28,-0.001067,-0.002802,0.001739875130114532
1997-03-31,-0.044889,-0.046515,0.0017053231041914696
1997-04-30,0.042396,0.041181,0.00116694407600626
1997-05-30,0.07164,0.069787,0.0017321205062315048
1997-06-30,0.044081,0.04269,0.0013340494298401673
1997-07-31,0.076513,0.075201,0.0012202369603451224
1997-08-29,-0.036323,-0.037678,0.001408052606092447
1997-09-30,0.058453,0.057049,0.0013282260330411688
1997-10-31,-0.034433,-0.035502,0.0011083485917027236
1997-11-28,0.030354,0.028841,0.001470586805930374
1997-12-31,0.017822,0.016307,0.0014906912970193975
1998-01-30,0.004511,0.003633,0.0008748217725005336
1998-02-27,0.073321,0.071816,0.0014041589227999918
1998-03-31,0.051273,0.050016,0.0011971246152437942
1998-04-30,0.010924,0.009923,0.000991164672950351
1998-05-29,-0.025746,-0.027038,0.0013279038646936137
1998-06-30,0.031839,0.03062,0.0011827831790571786
1998-07-31,-0.023377,-0.024353,0.0010003618111877888
1998-08-31,-0.15786,-0.159168,0.001555602070330231
1998-09-30,0.063814,0.062296,0.0014289802465603518
1998-10-30,0.074406,0.073388,0.0009483989014222871
1998-11-30,0.062001,0.060593,0.001327559205086315
1998-12-31,0.063058,0.06173,0.0012507888069470674
1999-01-29,0.038447,0.037646,0.0007719395632035386
1999-02-26,-0.038083,-0.039268,0.0012334345061890684
1999-03-31,0.037926,0.036652,0.0012289562939153953
1999-04-30,0.049092,0.048271,0.0007831944220531017
1999-05-28,-0.020708,-0.022384,0.0017143745601544413
1999-06-30,0.050824,0.049725,0.0010469408654647516
1999-07-30,-0.030834,-0.03171,0.0009046876452303287
1999-08-31,-0.009918,-0.011065,0.0011598335583229424
1999-09-30,-0.022669,-0.023872,0.0012324203383162757
1999-10-29,0.062107,0.061318,0.0007434152629088864
1999-11-30,0.036822,0.035616,0.00116452430244407
1999-12-31,0.083745,0.082631,0.0010289747845757535
2000-01-31,-0.039622,-0.040263,0.0006678913077229343
2000-02-29,0.03176,0.030657,0.0010701911499171324
2000-03-31,0.053499,0.052515,0.0009349035405670225
2000-04-28,-0.059519,-0.06031,0.0008417669657014848
2000-05-31,-0.038863,-0.04002,0.0012052334423633404
2000-06-30,0.051576,0.050779,0.0007584848954920176
2000-07-31,-0.017679,-0.018399,0.0007334955852735803
2000-08-31,0.074984,0.073803,0.00109982929829755
2000-09-29,-0.051154,-0.051895,0.0007815590045405774
2000-10-31,-0.02448,-0.025155,0.0006924177689786593
2000-11-30,-0.102365,-0.103574,0.001348689127713909
2000-12-29,0.02045,0.019455,0.0009760116925221496
2001-01-31,0.039573,0.038787,0.0007566517486261581
2001-02-28,-0.099084,-0.100183,0.0012213594542003214
2001-03-30,-0.070408,-0.071364,0.0010294668739958546
2001-04-30,0.083834,0.08283,0.0009272000221640653
2001-05-31,0.010442,0.009064,0.0013656220021724952
2001-06-29,-0.017561,-0.018336,0.0007894758287967374
2001-07-31,-0.018284,-0.01925,0.000984960489421427
2001-08-31,-0.05898,-0.060355,0.0014633185937242832
2001-09-28,-0.091497,-0.09263,0.0012486637204227602
2001-10-31,0.027847,0.026829,0.0009914016842140772
2001-11-30,0.078789,0.077353,0.0013328964601202475
2001-12-31,0.017854,0.016573,0.00126011609594201
2002-01-31,-0.015966,-0.016921,0.00097143769727559
2002-02-28,-0.0217,-0.023066,0.0013982520825357447
2002-03-28,0.044698,0.04373,0.0009274429210617274
2002-04-30,-0.0496,-0.050504,0.0009520840530135022
2002-05-31,-0.01051,-0.011958,0.0014655247448995823
2002-06-28,-0.070259,-0.071515,0.0013527412936127359
2002-07-31,-0.081125,-0.08231,0.0012912857282960655
2002-08-30,0.007949,0.006405,0.0015341736179768084
2002-09-30,-0.099923,-0.101387,0.0016291774100753997
2002-10-31,0.07494,0.073522,0.0013208858318691785
2002-11-29,0.061282,0.059612,0.0015760485913711708
2002-12-31,-0.053334,-0.054977,0.0017385820239297356
2003-01-31,-0.023367,-0.024576,0.0012394609933732426
2003-02-28,-0.015417,-0.017243,0.0018580381518524813
2003-03-31,0.010321,0.008901,0.0014074720909187377
2003-04-30,0.082768,0.08118,0.0014687656079468425
2003-05-30,0.063471,0.061778,0.0015944952711397509
2003-06-30,0.016346,0.014797,0.0015264136571155884
2003-07-31,0.023112,0.021764,0.0013192870369285181
2003-08-29,0.024965,0.023486,0.0014450612905305693
2003-09-30,-0.00912,-0.010607,0.0015029417026399816
2003-10-31,0.060361,0.058882,0.001396756201351712
2003-11-28,0.016594,0.015052,0.0015191339951055038
2003-12-31,0.045476,0.04382,0.0015864804276599642
2004-01-30,0.023042,0.022019,0.001000959864738249
2004-02-27,0.015443,0.013958,0.0014645577035736768
2004-03-31,-0.010662,-0.011985,0.0013390484962274574
2004-04-30,-0.024222,-0.025568,0.0013813175265180444
2004-05-28,0.014068,0.012384,0.001663400448841612
2004-06-30,0.021611,0.020049,0.0015312989866174131
2004-07-30,-0.037698,-0.038792,0.0011381511597905458
2004-08-31,0.002703,0.001058,0.0016432614294075165
2004-09-30,0.020556,0.019099,0.0014296942691534031
2004-10-29,0.017806,0.016579,0.0012069893239974316
2004-11-30,0.048214,0.04432,0.0037287421480007854
2004-12-31,0.03517,0.033414,0.0016992221897516036
2005-01-31,-0.026546,-0.0274,0.0008780588114332133
2005-02-28,0.022646,0.02081,0.0017985717224555664
2005-03-31,-0.016944,-0.018578,0.001664931089786048
2005-04-29,-0.025206,-0.02659,0.0014218058166652892
2005-05-31,0.037954,0.036151,0.0017400938666276566
2005-06-30,0.011529,0.009905,0.001608072046380471
2005-07-29,0.043358,0.042251,0.0010621241908139734
2005-08-31,-0.005958,-0.007776,0.0018322475570031749
2005-09-30,0.0106,0.009332,0.0012562764283705619
2005-10-31,-0.020866,-0.021974,0.0011328942175361512
2005-11-30,0.040326,0.038073,0.002170367594571898
2005-12-30,0.003458,0.001884,0.0015710401603379331
2006-01-31,0.040072,0.038966,0.0010645199169174724
2006-02-28,-0.001639,-0.003552,0.0019198191977904955
2006-03-31,0.019065,0.017598,0.0014416301918831476
2006-04-28,0.013,0.01153,0.0014532440955778991
2006-05-31,-0.031032,-0.033011,0.0020465589577545185
2006-06-30,-0.000391,-0.001887,0.00149882828898118
2006-07-31,-0.001912,-0.002955,0.0010460911994945032
2006-08-31,0.025042,0.022968,0.0020274338982255724
2006-09-29,0.019425,0.01811,0.0012916089617034388
2006-10-31,0.037153,0.036107,0.0010095482416392354
2006-11-30,0.023737,0.021374,0.002313550178485002
2006-12-29,0.010857,0.009154,0.00168755214764027
2007-01-31,0.019387,0.018452,0.0009180599576612547
2007-02-28,-0.014006,-0.015996,0.0020223495026443494
2007-03-30,0.012954,0.011479,0.0014582606262709685
2007-04-30,0.039834,0.03847,0.001313470779126913
2007-05-31,0.038953,0.036666,0.002206110743479428
2007-06-29,-0.014747,-0.01611,0.001385317464350777
2007-07-31,-0.03179,-0.032792,0.0010359715800531966
2007-08-31,0.011593,0.009641,0.001933360471692458
2007-09-28,0.040822,0.039306,0.0014586656865251957
2007-10-31,0.02591,0.02477,0.0011124447436987595
2007-11-30,-0.049362,-0.051309,0.002052301539700485
2007-12-31,-0.004405,-0.006493,0.00210164598739615
2008-01-31,-0.062218,-0.063321,0.0011775645658758105
2008-02-29,-0.021697,-0.023636,0.001985939670041015
2008-03-31,-0.010444,-0.012186,0.001763489887772307
2008-04-30,0.051199,0.049876,0.0012601488175745246
2008-05-30,0.023935,0.021621,0.002265027833217914
2008-06-30,-0.078436,-0.080249,0.0019711856796025273
2008-07-31,-0.013413,-0.014759,0.001366163202708659
2008-08-29,0.010597,0.008608,0.001972024810431794
2008-09-30,-0.098172,-0.099959,0.00198546510658959
2008-10-31,-0.184833,-0.186319,0.001826268525380259
2008-11-28,-0.084681,-0.08742,0.003001380700870193
2008-12-31,0.022232,0.019166,0.0030083421150235434
2009-01-30,-0.077471,-0.078863,0.0015111758620054427
2009-02-27,-0.100166,-0.103353,0.0035543530508661547
2009-03-31,0.086803,0.083548,0.0030040201264733835
2009-04-30,0.109466,0.107632,0.001655784592716758
2009-05-29,0.067787,0.065137,0.002487942865565751
2009-06-30,-0.003019,-0.004962,0.0019526892440289156
2009-07-31,0.081779,0.08036,0.0013134510718650905
2009-08-31,0.03151,0.029351,0.0020974380944887017
2009-09-30,0.045281,0.043643,0.001569502214837648
2009-10-30,-0.028072,-0.029326,0.0012918858442689807
2009-11-30,0.057075,0.054619,0.0023288031033008583
2009-12-31,0.028475,0.026449,0.0019737950935703186
2010-01-29,-0.037172,-0.038184,0.0010521762998327855
2010-02-26,0.034744,0.032657,0.002021000196580136
2010-03-31,0.063668,0.061985,0.0015847681464429275
2010-04-30,0.020036,0.018924,0.0010913473428832976
2010-05-28,-0.07924,-0.081328,0.0022728460212131374
2010-06-30,-0.05078,-0.05252,0.0018364503736225668
2010-07-30,0.07036,0.068664,0.0015870282895278365
2010-08-31,-0.042863,-0.044989,0.002226152368925538
2010-09-30,0.091628,0.089747,0.001726088716004659
2010-10-29,0.038591,0.037071,0.00146566628514333
2010-11-30,0.005117,0.002917,0.0021936012651095904
2010-12-31,0.067182,0.06485,0.002189979809362752
2011-01-31,0.019183,0.018231,0.0009349548383419393
2011-02-28,0.038156,0.036223,0.0018654285805277393
2011-03-31,0.003341,0.001758,0.0015802219697771402
2011-04-29,0.028597,0.027483,0.0010842028529913783
2011-05-31,-0.014948,-0.016956,0.002042634917663877
2011-06-30,-0.018447,-0.020211,0.001800387634480538
2011-07-29,-0.022534,-0.023674,0.0011676427750566543
2011-08-31,-0.057564,-0.059704,0.002275879084884025
2011-09-30,-0.084983,-0.086673,0.0018503777945904076
2011-10-31,0.114146,0.112735,0.001268046749675289
2011-11-30,-0.00627,-0.008937,0.002691049913073007
2011-12-30,0.003676,0.001428,0.002244794433548858
2012-01-31,0.054106,0.05296,0.0010883604315454765
2012-02-29,0.041225,0.038953,0.0021868169204959376
2012-03-30,0.02402,0.022138,0.0018412386585764384
2012-04-30,-0.006829,-0.008046,0.001226871407343566
2012-05-31,-0.06559,-0.068005,0.002591215618109377
2012-06-29,0.038151,0.036049,0.00202886156928872
2012-07-31,0.010307,0.009055,0.0012407648740653254
2012-08-31,0.026317,0.023718,0.002538785095114182
2012-09-28,0.026513,0.024564,0.0019022725764323845
2012-10-31,-0.014055,-0.015502,0.001469784600882873
2012-11-30,0.006217,0.002977,0.003230383149364302
2012-12-31,0.012569,0.009019,0.0035182687342856234
2013-01-31,0.054142,0.052937,0.0011444179471324922
2013-02-28,0.008282,0.006079,0.0021896888812906745
2013-03-28,0.035295,0.033527,0.0017106471335532891
2013-04-30,0.014939,0.013764,0.0011590468787605612
2013-05-31,0.019128,0.016568,0.002518277183621853
2013-06-28,-0.015072,-0.017089,0.002052067786401768
2013-07-31,0.052658,0.051223,0.0013650766773558587
2013-08-30,-0.02575,-0.027927,0.0022395437379703065
2013-09-30,0.037497,0.035699,0.0017360256213438952
2013-10-31,0.039889,0.038603,0.0012382016997833922
2013-11-29,0.024956,0.022831,0.0020775670663091272
2013-12-31,0.02614,0.024082,0.002009604699623857
2014-01-31,-0.03002,-0.031124,0.0011394646993010404
2014-02-28,0.046198,0.043963,0.0021408804718174856
2014-03-31,0.00454,0.002819,0.0017161621389303328
2014-04-30,0.001573,0.00041,0.0011625233654202205
2014-05-30,0.020254,0.018045,0.0021698451443696865
2014-06-30,0.027973,0.025986,0.0019366735998347373
2014-07-31,-0.020555,-0.021849,0.0013229041323885582
2014-08-29,0.040205,0.038202,0.0019292969961528517
2014-09-30,-0.025196,-0.026893,0.0017438986668476542
2014-10-31,0.021164,0.019916,0.001223630181308888
2014-11-28,0.021104,0.018938,0.0021257426850309624
2014-12-31,-0.003659,-0.0058,0.0021534902434119374
2015-01-30,-0.027163,-0.028233,0.0011010869889591657
2015-02-27,0.055915,0.053599,0.002198179762888941
2015-03-31,-0.010397,-0.012212,0.0018374388026580757
2015-04-30,0.008766,0.007618,0.0011393206552485768
2015-05-29,0.010277,0.008115,0.002144596598602444
2015-06-30,-0.019231,-0.021171,0.0019819600767856382
2015-07-31,0.012108,0.010895,0.0011999267975406624
2015-08-31,-0.059926,-0.061993,0.0022036082886374153
2015-09-30,-0.033756,-0.035693,0.0020086964006276187
2015-10-30,0.073937,0.072542,0.0013006483662179047
2015-11-30,0.002404,0.000136,0.002267691593943466
2015-12-31,-0.022209,-0.024447,0.002294083458305174
2016-01-29,-0.057085,-0.058253,0.0012402481770581453
2016-02-29,0.00062,-0.001802,0.0024263723229258627
2016-03-31,0.070491,0.068122,0.0022179114370830533
2016-04-29,0.011718,0.010483,0.00122218780523764
2016-05-31,0.01434,0.011925,0.002386540504484058
2016-06-30,0.002947,0.000875,0.0020701885849883084
2016-07-29,0.038815,0.037567,0.0012028138905730845
2016-08-31,0.0028,0.000463,0.0023359184697482327
2016-09-30,0.003013,0.001235,0.0017758068785049819
2016-10-31,-0.021544,-0.022789,0.001274033959912435
2016-11-30,0.040488,0.03804,0.0023582906246386592
2016-12-30,0.018763,0.016625,0.002103037009713704
2017-01-31,0.022153,0.02113,0.001001831304535239
2017-02-28,0.032598,0.030496,0.0020397944290901915
2017-03-31,0.002062,0.000191,0.0018706427072427978
2017-04-28,0.009655,0.008535,0.0011105216973135157
2017-05-31,0.009335,0.006983,0.0023356898775850343
2017-06-30,0.009571,0.00769,0.001866645496134689
2017-07-31,0.020277,0.018893,0.0013583369401890533
2017-08-31,0.0016,-0.000638,0.002239428755546058
2017-09-29,0.023729,0.022122,0.0015722193632461412
2017-10-31,0.019275,0.01819,0.0010656164370108634
2017-11-30,0.027232,0.024905,0.0022704543347920048
2017-12-29,0.012122,0.010264,0.001839123239073981
2018-01-31,0.050577,0.049625,0.000906990591878154
2018-02-28,-0.039455,-0.041323,0.0019485186355778783
2018-03-29,-0.018421,-0.020288,0.0019056620721191742
2018-04-30,0.004679,0.00357,0.0011050549538149657
2018-05-31,0.026146,0.02385,0.0022425159935537398
2018-06-29,0.005359,0.003576,0.0017766467113600193
2018-07-31,0.031573,0.030436,0.001103416417904901
2018-08-31,0.030233,0.027765,0.002401327151634769
2018-09-28,0.000425,-0.001212,0.0016389864515791164
2018-10-31,-0.074045,-0.075113,0.0011547356595995595
2018-11-30,0.018512,0.016171,0.002303746121469885
2018-12-31,-0.08989,-0.092124,0.002460688464063221
2019-01-31,0.088294,0.087067,0.0011287252763629851
2019-02-28,0.032724,0.030666,0.001996767138917832
2019-03-29,0.012962,0.01114,0.0018019265383626415
2019-04-30,0.037893,0.0367,0.001150766856371277
2019-05-31,-0.061679,-0.063898,0.002370468175476592
2019-06-28,0.067279,0.065283,0.0018736805149430769
2019-07-31,0.011854,0.010702,0.0011398018407009491
2019-08-30,-0.020339,-0.022372,0.002079523090582569
2019-09-30,0.016033,0.014169,0.0018379579734737472
2019-10-31,0.019257,0.018087,0.001149214163426171
2019-11-29,0.034999,0.032986,0.0019487195373413257
2019-12-31,0.028489,0.026242,0.0021895420378428287
2020-01-31,-0.001728,-0.002849,0.001124202853930889
2020-02-28,-0.077918,-0.079868,0.0021192611494873503
2020-03-31,-0.141733,-0.143685,0.0022795349842057444
2020-04-30,0.129674,0.128408,0.001121934619392917
2020-05-29,0.053739,0.051688,0.0019501981576284244
2020-06-30,0.025299,0.023522,0.0017361619974949338
2020-07-31,0.055532,0.054411,0.0010631527933604445
2020-08-31,0.068442,0.066798,0.001541060256956106
2020-09-30,-0.035056,-0.036515,0.0015142944622905663
2020-10-30,-0.020178,-0.021218,0.0010625450815400228
2020-11-30,0.123707,0.122019,0.0015044308518838978
2020-12-31,0.045048,0.043244,0.0017292215435698033
2021-01-29,-0.000631,-0.001611,0.000981581327518688
2021-02-26,0.029196,0.027888,0.0012725121803154327
2021-03-31,0.030573,0.029086,0.0014449715572848465
2021-04-30,0.04819,0.047301,0.0008488486118125582
2021-05-28,0.007092,0.005786,0.001298486954481426
2021-06-30,0.023422,0.022021,0.0013708133198828687
2021-07-30,0.011828,0.010952,0.0008665099826696832
2021-08-31,0.027146,0.025841,0.0012721269670445956
2021-09-30,-0.042243,-0.043531,0.001346619702258911
2021-10-29,0.064651,0.06376,0.0008375949462284815
2021-11-30,-0.018351,-0.019707,0.001383259902906664
2021-12-31,0.033341,0.031573,0.0017138874321060982
2022-01-31,-0.059823,-0.060568,0.0007930323855265264
2022-02-28,-0.021838,-0.023121,0.0013133663432216558
2022-03-31,0.030506,0.02894,0.0015219546329232614
2022-04-29,-0.089387,-0.090295,0.000998125766044966
2022-05-31,-0.002113,-0.00374,0.0016331078232589835
2022-06-30,-0.083998,-0.085822,0.0019952350636309735
2022-07-29,0.090351,0.089287,0.0009767857323184082
2022-08-31,-0.036233,-0.037918,0.0017514099629760693
2022-09-30,-0.091323,-0.09303,0.0018820909181118672
2022-10-31,0.077394,0.076265,0.0010489981556587313
2022-11-30,0.052354,0.050479,0.0017849000313190366
2022-12-30,-0.05712,-0.059152,0.0021597537540603007
2023-01-31,0.071823,0.070884,0.0008768456714265405
2023-02-28,-0.024666,-0.026252,0.001628758159195387
2023-03-31,0.02395,0.022043,0.001865870614054188
2023-04-28,0.008976,0.007865,0.0011023301731880597
2023-05-31,0.000708,-0.001057,0.0017668675790309951
2023-06-30,0.066183,0.064342,0.001729707180586848
2023-07-31,0.035618,0.034672,0.000914299410827768
2023-08-31,-0.020608,-0.022266,0.001695757741880799
2023-09-29,-0.047391,-0.04886,0.0015444624345521962
2023-10-31,-0.028865,-0.029857,0.0010225296683066265
2023-11-30,0.092053,0.090037,0.0018494785039406825
2023-12-29,0.053604,0.051476,0.0020238217515187173
2024-01-31,0.007561,0.006743,0.0008125211697522783
2024-02-29,0.050584,0.049052,0.0014603661210310648
2024-03-28,0.03245,0.030938,0.001466625539072286
2024-04-30,-0.042724,-0.043636,0.0009536118047104303
2024-05-31,0.046553,0.044979,0.0015062503648397563
2024-06-28,0.026073,0.02438,0.0016527070032603675
2024-07-31,0.019878,0.019,0.0008616290480865096
2024-08-30,0.021572,0.020203,0.0013418898003632052
2024-09-30,0.020969,0.019485,0.0014556369147167292
2024-10-31,-0.008298,-0.009139,0.0008487567882882185
2024-11-29,0.064855,0.063463,0.0013089312933314279
2024-12-31,-0.031582,-0.03347,0.001953379615738715
